name,read1,read2,run_num
03Dap18102,/local/storage/finch_lowpass_2022/XH-4057/20241025_LH00179_0133_A22HH77LT4/Sample_XH-4057-18102/XH-4057-18102_S234_L008_R1_001.fastq.gz,/local/storage/finch_lowpass_2022/XH-4057/20241025_LH00179_0133_A22HH77LT4/Sample_XH-4057-18102/XH-4057-18102_S234_L008_R2_001.fastq.gz,1
01Dap18112,/local/storage/finch_lowpass_2022/XH-4057/20241025_LH00179_0133_A22HH77LT4/Sample_XH-4057-18112/XH-4057-18112_S181_L008_R1_001.fastq.gz,/local/storage/finch_lowpass_2022/XH-4057/20241025_LH00179_0133_A22HH77LT4/Sample_XH-4057-18112/XH-4057-18112_S181_L008_R2_001.fastq.gz,1
03Dap18120,/local/storage/finch_lowpass_2022/XH-4057/20241025_LH00179_0133_A22HH77LT4/Sample_XH-4057-18120/XH-4057-18120_S228_L008_R1_001.fastq.gz,/local/storage/finch_lowpass_2022/XH-4057/20241025_LH00179_0133_A22HH77LT4/Sample_XH-4057-18120/XH-4057-18120_S228_L008_R2_001.fastq.gz,1
01Dap18121,/local/storage/finch_lowpass_2022/XH-4057/20241025_LH00179_0133_A22HH77LT4/Sample_XH-4057-18121/XH-4057-18121_S176_L008_R1_001.fastq.gz,/local/storage/finch_lowpass_2022/XH-4057/20241025_LH00179_0133_A22HH77LT4/Sample_XH-4057-18121/XH-4057-18121_S176_L008_R2_001.fastq.gz,1
01Dap18122,/local/storage/finch_lowpass_2022/XH-4057/20241025_LH00179_0133_A22HH77LT4/Sample_XH-4057-18122-A-A8/XH-4057-18122-A-A8_S169_L008_R1_001.fastq.gz,/local/storage/finch_lowpass_2022/XH-4057/20241025_LH00179_0133_A22HH77LT4/Sample_XH-4057-18122-A-A8/XH-4057-18122-A-A8_S169_L008_R2_001.fastq.gz,1
01Dap18122,/local/storage/finch_lowpass_2022/XH-4057/20241025_LH00179_0133_A22HH77LT4/Sample_XH-4057-18122-B-F4/XH-4057-18122-B-F4_S238_L008_R1_001.fastq.gz,/local/storage/finch_lowpass_2022/XH-4057/20241025_LH00179_0133_A22HH77LT4/Sample_XH-4057-18122-B-F4/XH-4057-18122-B-F4_S238_L008_R2_001.fastq.gz,2
02Dap18123,/local/storage/finch_lowpass_2022/XH-4057/20241025_LH00179_0133_A22HH77LT4/Sample_XH-4057-18123/XH-4057-18123_S148_L008_R1_001.fastq.gz,/local/storage/finch_lowpass_2022/XH-4057/20241025_LH00179_0133_A22HH77LT4/Sample_XH-4057-18123/XH-4057-18123_S148_L008_R2_001.fastq.gz,1
03Dap18124,/local/storage/finch_lowpass_2022/XH-4057/20241025_LH00179_0133_A22HH77LT4/Sample_XH-4057-18124/XH-4057-18124_S295_L008_R1_001.fastq.gz,/local/storage/finch_lowpass_2022/XH-4057/20241025_LH00179_0133_A22HH77LT4/Sample_XH-4057-18124/XH-4057-18124_S295_L008_R2_001.fastq.gz,1
03Dap18125,/local/storage/finch_lowpass_2022/XH-4057/20241025_LH00179_0133_A22HH77LT4/Sample_XH-4057-18125/XH-4057-18125_S229_L008_R1_001.fastq.gz,/local/storage/finch_lowpass_2022/XH-4057/20241025_LH00179_0133_A22HH77LT4/Sample_XH-4057-18125/XH-4057-18125_S229_L008_R2_001.fastq.gz,1
03Dap18126,/local/storage/finch_lowpass_2022/XH-4057/20241025_LH00179_0133_A22HH77LT4/Sample_XH-4057-18126/XH-4057-18126_S139_L008_R1_001.fastq.gz,/local/storage/finch_lowpass_2022/XH-4057/20241025_LH00179_0133_A22HH77LT4/Sample_XH-4057-18126/XH-4057-18126_S139_L008_R2_001.fastq.gz,1
01Dap18127,/local/storage/finch_lowpass_2022/XH-4057/20241025_LH00179_0133_A22HH77LT4/Sample_XH-4057-18127/XH-4057-18127_S170_L008_R1_001.fastq.gz,/local/storage/finch_lowpass_2022/XH-4057/20241025_LH00179_0133_A22HH77LT4/Sample_XH-4057-18127/XH-4057-18127_S170_L008_R2_001.fastq.gz,1
03Dap18128,/local/storage/finch_lowpass_2022/XH-4057/20241025_LH00179_0133_A22HH77LT4/Sample_XH-4057-18128/XH-4057-18128_S141_L008_R1_001.fastq.gz,/local/storage/finch_lowpass_2022/XH-4057/20241025_LH00179_0133_A22HH77LT4/Sample_XH-4057-18128/XH-4057-18128_S141_L008_R2_001.fastq.gz,1
01Dap18129,/local/storage/finch_lowpass_2022/XH-4057/20241025_LH00179_0133_A22HH77LT4/Sample_XH-4057-18129/XH-4057-18129_S183_L008_R1_001.fastq.gz,/local/storage/finch_lowpass_2022/XH-4057/20241025_LH00179_0133_A22HH77LT4/Sample_XH-4057-18129/XH-4057-18129_S183_L008_R2_001.fastq.gz,1
03Dap18132,/local/storage/finch_lowpass_2022/XH-4057/20241025_LH00179_0133_A22HH77LT4/Sample_XH-4057-18132/XH-4057-18132_S142_L008_R1_001.fastq.gz,/local/storage/finch_lowpass_2022/XH-4057/20241025_LH00179_0133_A22HH77LT4/Sample_XH-4057-18132/XH-4057-18132_S142_L008_R2_001.fastq.gz,1
03Dap18142,/local/storage/finch_lowpass_2022/XH-4057/20241025_LH00179_0133_A22HH77LT4/Sample_XH-4057-18142/XH-4057-18142_S145_L008_R1_001.fastq.gz,/local/storage/finch_lowpass_2022/XH-4057/20241025_LH00179_0133_A22HH77LT4/Sample_XH-4057-18142/XH-4057-18142_S145_L008_R2_001.fastq.gz,1
03Dap18152,/local/storage/finch_lowpass_2022/XH-4057/20241025_LH00179_0133_A22HH77LT4/Sample_XH-4057-18152/XH-4057-18152_S143_L008_R1_001.fastq.gz,/local/storage/finch_lowpass_2022/XH-4057/20241025_LH00179_0133_A22HH77LT4/Sample_XH-4057-18152/XH-4057-18152_S143_L008_R2_001.fastq.gz,1
03Dap18162,/local/storage/finch_lowpass_2022/XH-4057/20241025_LH00179_0133_A22HH77LT4/Sample_XH-4057-18162/XH-4057-18162_S239_L008_R1_001.fastq.gz,/local/storage/finch_lowpass_2022/XH-4057/20241025_LH00179_0133_A22HH77LT4/Sample_XH-4057-18162/XH-4057-18162_S239_L008_R2_001.fastq.gz,1
01Dap18172,/local/storage/finch_lowpass_2022/XH-4057/20241025_LH00179_0133_A22HH77LT4/Sample_XH-4057-18172/XH-4057-18172_S249_L008_R1_001.fastq.gz,/local/storage/finch_lowpass_2022/XH-4057/20241025_LH00179_0133_A22HH77LT4/Sample_XH-4057-18172/XH-4057-18172_S249_L008_R2_001.fastq.gz,1
03Dap18182,/local/storage/finch_lowpass_2022/XH-4057/20241025_LH00179_0133_A22HH77LT4/Sample_XH-4057-18182/XH-4057-18182_S256_L008_R1_001.fastq.gz,/local/storage/finch_lowpass_2022/XH-4057/20241025_LH00179_0133_A22HH77LT4/Sample_XH-4057-18182/XH-4057-18182_S256_L008_R2_001.fastq.gz,1
03Dap18192,/local/storage/finch_lowpass_2022/XH-4057/20241025_LH00179_0133_A22HH77LT4/Sample_XH-4057-18192/XH-4057-18192_S253_L008_R1_001.fastq.gz,/local/storage/finch_lowpass_2022/XH-4057/20241025_LH00179_0133_A22HH77LT4/Sample_XH-4057-18192/XH-4057-18192_S253_L008_R2_001.fastq.gz,1
03Dap18200,/local/storage/finch_lowpass_2022/XH-4057/20241025_LH00179_0133_A22HH77LT4/Sample_XH-4057-18200/XH-4057-18200_S311_L008_R1_001.fastq.gz,/local/storage/finch_lowpass_2022/XH-4057/20241025_LH00179_0133_A22HH77LT4/Sample_XH-4057-18200/XH-4057-18200_S311_L008_R2_001.fastq.gz,1
03Dap18201,/local/storage/finch_lowpass_2022/XH-4057/20241025_LH00179_0133_A22HH77LT4/Sample_XH-4057-18201/XH-4057-18201_S134_L008_R1_001.fastq.gz,/local/storage/finch_lowpass_2022/XH-4057/20241025_LH00179_0133_A22HH77LT4/Sample_XH-4057-18201/XH-4057-18201_S134_L008_R2_001.fastq.gz,1
01Dap18202,/local/storage/finch_lowpass_2022/XH-4057/20241025_LH00179_0133_A22HH77LT4/Sample_XH-4057-18202/XH-4057-18202_S191_L008_R1_001.fastq.gz,/local/storage/finch_lowpass_2022/XH-4057/20241025_LH00179_0133_A22HH77LT4/Sample_XH-4057-18202/XH-4057-18202_S191_L008_R2_001.fastq.gz,1
03Dap18203,/local/storage/finch_lowpass_2022/XH-4057/20241025_LH00179_0133_A22HH77LT4/Sample_XH-4057-18203/XH-4057-18203_S274_L008_R1_001.fastq.gz,/local/storage/finch_lowpass_2022/XH-4057/20241025_LH00179_0133_A22HH77LT4/Sample_XH-4057-18203/XH-4057-18203_S274_L008_R2_001.fastq.gz,1
03Dap18204,/local/storage/finch_lowpass_2022/XH-4057/20241025_LH00179_0133_A22HH77LT4/Sample_XH-4057-18204/XH-4057-18204_S123_L008_R1_001.fastq.gz,/local/storage/finch_lowpass_2022/XH-4057/20241025_LH00179_0133_A22HH77LT4/Sample_XH-4057-18204/XH-4057-18204_S123_L008_R2_001.fastq.gz,1
01Dap18205,/local/storage/finch_lowpass_2022/XH-4057/20241025_LH00179_0133_A22HH77LT4/Sample_XH-4057-18205/XH-4057-18205_S264_L008_R1_001.fastq.gz,/local/storage/finch_lowpass_2022/XH-4057/20241025_LH00179_0133_A22HH77LT4/Sample_XH-4057-18205/XH-4057-18205_S264_L008_R2_001.fastq.gz,1
03Dap18206,/local/storage/finch_lowpass_2022/XH-4057/20241025_LH00179_0133_A22HH77LT4/Sample_XH-4057-18206/XH-4057-18206_S125_L008_R1_001.fastq.gz,/local/storage/finch_lowpass_2022/XH-4057/20241025_LH00179_0133_A22HH77LT4/Sample_XH-4057-18206/XH-4057-18206_S125_L008_R2_001.fastq.gz,1
01Dap18207,/local/storage/finch_lowpass_2022/XH-4057/20241025_LH00179_0133_A22HH77LT4/Sample_XH-4057-18207/XH-4057-18207_S195_L008_R1_001.fastq.gz,/local/storage/finch_lowpass_2022/XH-4057/20241025_LH00179_0133_A22HH77LT4/Sample_XH-4057-18207/XH-4057-18207_S195_L008_R2_001.fastq.gz,1
03Dap18208,/local/storage/finch_lowpass_2022/XH-4057/20241025_LH00179_0133_A22HH77LT4/Sample_XH-4057-18208/XH-4057-18208_S119_L008_R1_001.fastq.gz,/local/storage/finch_lowpass_2022/XH-4057/20241025_LH00179_0133_A22HH77LT4/Sample_XH-4057-18208/XH-4057-18208_S119_L008_R2_001.fastq.gz,1
03Dap18209,/local/storage/finch_lowpass_2022/XH-4057/20241025_LH00179_0133_A22HH77LT4/Sample_XH-4057-18209/XH-4057-18209_S327_L008_R1_001.fastq.gz,/local/storage/finch_lowpass_2022/XH-4057/20241025_LH00179_0133_A22HH77LT4/Sample_XH-4057-18209/XH-4057-18209_S327_L008_R2_001.fastq.gz,1
01Dap18210,/local/storage/finch_lowpass_2022/XH-4057/20241025_LH00179_0133_A22HH77LT4/Sample_XH-4057-18210/XH-4057-18210_S257_L008_R1_001.fastq.gz,/local/storage/finch_lowpass_2022/XH-4057/20241025_LH00179_0133_A22HH77LT4/Sample_XH-4057-18210/XH-4057-18210_S257_L008_R2_001.fastq.gz,1
03Dap18211,/local/storage/finch_lowpass_2022/XH-4057/20241025_LH00179_0133_A22HH77LT4/Sample_XH-4057-18211/XH-4057-18211_S329_L008_R1_001.fastq.gz,/local/storage/finch_lowpass_2022/XH-4057/20241025_LH00179_0133_A22HH77LT4/Sample_XH-4057-18211/XH-4057-18211_S329_L008_R2_001.fastq.gz,1
01Dap18212,/local/storage/finch_lowpass_2022/XH-4057/20241025_LH00179_0133_A22HH77LT4/Sample_XH-4057-18212/XH-4057-18212_S193_L008_R1_001.fastq.gz,/local/storage/finch_lowpass_2022/XH-4057/20241025_LH00179_0133_A22HH77LT4/Sample_XH-4057-18212/XH-4057-18212_S193_L008_R2_001.fastq.gz,1
03Dap18213,/local/storage/finch_lowpass_2022/XH-4057/20241025_LH00179_0133_A22HH77LT4/Sample_XH-4057-18213/XH-4057-18213_S281_L008_R1_001.fastq.gz,/local/storage/finch_lowpass_2022/XH-4057/20241025_LH00179_0133_A22HH77LT4/Sample_XH-4057-18213/XH-4057-18213_S281_L008_R2_001.fastq.gz,1
03Dap18214,/local/storage/finch_lowpass_2022/XH-4057/20241025_LH00179_0133_A22HH77LT4/Sample_XH-4057-18214/XH-4057-18214_S278_L008_R1_001.fastq.gz,/local/storage/finch_lowpass_2022/XH-4057/20241025_LH00179_0133_A22HH77LT4/Sample_XH-4057-18214/XH-4057-18214_S278_L008_R2_001.fastq.gz,1
01Dap18215,/local/storage/finch_lowpass_2022/XH-4057/20241025_LH00179_0133_A22HH77LT4/Sample_XH-4057-18215/XH-4057-18215_S204_L008_R1_001.fastq.gz,/local/storage/finch_lowpass_2022/XH-4057/20241025_LH00179_0133_A22HH77LT4/Sample_XH-4057-18215/XH-4057-18215_S204_L008_R2_001.fastq.gz,1
01Dap18216,/local/storage/finch_lowpass_2022/XH-4057/20241025_LH00179_0133_A22HH77LT4/Sample_XH-4057-18216/XH-4057-18216_S165_L008_R1_001.fastq.gz,/local/storage/finch_lowpass_2022/XH-4057/20241025_LH00179_0133_A22HH77LT4/Sample_XH-4057-18216/XH-4057-18216_S165_L008_R2_001.fastq.gz,1
00Dap18217,/local/storage/finch_lowpass_2022/XH-4057/20241025_LH00179_0133_A22HH77LT4/Sample_XH-4057-18217/XH-4057-18217_S336_L008_R1_001.fastq.gz,/local/storage/finch_lowpass_2022/XH-4057/20241025_LH00179_0133_A22HH77LT4/Sample_XH-4057-18217/XH-4057-18217_S336_L008_R2_001.fastq.gz,1
01Dap18218,/local/storage/finch_lowpass_2022/XH-4057/20241025_LH00179_0133_A22HH77LT4/Sample_XH-4057-18218/XH-4057-18218_S259_L008_R1_001.fastq.gz,/local/storage/finch_lowpass_2022/XH-4057/20241025_LH00179_0133_A22HH77LT4/Sample_XH-4057-18218/XH-4057-18218_S259_L008_R2_001.fastq.gz,1
03Dap18219,/local/storage/finch_lowpass_2022/XH-4057/20241025_LH00179_0133_A22HH77LT4/Sample_XH-4057-18219/XH-4057-18219_S319_L008_R1_001.fastq.gz,/local/storage/finch_lowpass_2022/XH-4057/20241025_LH00179_0133_A22HH77LT4/Sample_XH-4057-18219/XH-4057-18219_S319_L008_R2_001.fastq.gz,1
03Dap18220,/local/storage/finch_lowpass_2022/XH-4057/20241025_LH00179_0133_A22HH77LT4/Sample_XH-4057-18220/XH-4057-18220_S328_L008_R1_001.fastq.gz,/local/storage/finch_lowpass_2022/XH-4057/20241025_LH00179_0133_A22HH77LT4/Sample_XH-4057-18220/XH-4057-18220_S328_L008_R2_001.fastq.gz,1
03Dap18221,/local/storage/finch_lowpass_2022/XH-4057/20241025_LH00179_0133_A22HH77LT4/Sample_XH-4057-18221/XH-4057-18221_S322_L008_R1_001.fastq.gz,/local/storage/finch_lowpass_2022/XH-4057/20241025_LH00179_0133_A22HH77LT4/Sample_XH-4057-18221/XH-4057-18221_S322_L008_R2_001.fastq.gz,1
01Dap18222_2,/local/storage/finch_lowpass_2022/XH-4057/20241025_LH00179_0133_A22HH77LT4/Sample_XH-4057-18222/XH-4057-18222_S208_L008_R1_001.fastq.gz,/local/storage/finch_lowpass_2022/XH-4057/20241025_LH00179_0133_A22HH77LT4/Sample_XH-4057-18222/XH-4057-18222_S208_L008_R2_001.fastq.gz,1
03Dap18223,/local/storage/finch_lowpass_2022/XH-4057/20241025_LH00179_0133_A22HH77LT4/Sample_XH-4057-18223/XH-4057-18223_S305_L008_R1_001.fastq.gz,/local/storage/finch_lowpass_2022/XH-4057/20241025_LH00179_0133_A22HH77LT4/Sample_XH-4057-18223/XH-4057-18223_S305_L008_R2_001.fastq.gz,1
03Dap18224,/local/storage/finch_lowpass_2022/XH-4057/20241025_LH00179_0133_A22HH77LT4/Sample_XH-4057-18224/XH-4057-18224_S304_L008_R1_001.fastq.gz,/local/storage/finch_lowpass_2022/XH-4057/20241025_LH00179_0133_A22HH77LT4/Sample_XH-4057-18224/XH-4057-18224_S304_L008_R2_001.fastq.gz,1
01Dap18225,/local/storage/finch_lowpass_2022/XH-4057/20241025_LH00179_0133_A22HH77LT4/Sample_XH-4057-18225/XH-4057-18225_S199_L008_R1_001.fastq.gz,/local/storage/finch_lowpass_2022/XH-4057/20241025_LH00179_0133_A22HH77LT4/Sample_XH-4057-18225/XH-4057-18225_S199_L008_R2_001.fastq.gz,1
01Dap18226,/local/storage/finch_lowpass_2022/XH-4057/20241025_LH00179_0133_A22HH77LT4/Sample_XH-4057-18226/XH-4057-18226_S192_L008_R1_001.fastq.gz,/local/storage/finch_lowpass_2022/XH-4057/20241025_LH00179_0133_A22HH77LT4/Sample_XH-4057-18226/XH-4057-18226_S192_L008_R2_001.fastq.gz,1
03Dap18227,/local/storage/finch_lowpass_2022/XH-4057/20241025_LH00179_0133_A22HH77LT4/Sample_XH-4057-18227/XH-4057-18227_S301_L008_R1_001.fastq.gz,/local/storage/finch_lowpass_2022/XH-4057/20241025_LH00179_0133_A22HH77LT4/Sample_XH-4057-18227/XH-4057-18227_S301_L008_R2_001.fastq.gz,1
03Dap18228,/local/storage/finch_lowpass_2022/XH-4057/20241025_LH00179_0133_A22HH77LT4/Sample_XH-4057-18228/XH-4057-18228_S298_L008_R1_001.fastq.gz,/local/storage/finch_lowpass_2022/XH-4057/20241025_LH00179_0133_A22HH77LT4/Sample_XH-4057-18228/XH-4057-18228_S298_L008_R2_001.fastq.gz,1
03Dap18229,/local/storage/finch_lowpass_2022/XH-4057/20241025_LH00179_0133_A22HH77LT4/Sample_XH-4057-18229/XH-4057-18229_S116_L008_R1_001.fastq.gz,/local/storage/finch_lowpass_2022/XH-4057/20241025_LH00179_0133_A22HH77LT4/Sample_XH-4057-18229/XH-4057-18229_S116_L008_R2_001.fastq.gz,1
03Dap18230,/local/storage/finch_lowpass_2022/XH-4057/20241025_LH00179_0133_A22HH77LT4/Sample_XH-4057-18230/XH-4057-18230_S316_L008_R1_001.fastq.gz,/local/storage/finch_lowpass_2022/XH-4057/20241025_LH00179_0133_A22HH77LT4/Sample_XH-4057-18230/XH-4057-18230_S316_L008_R2_001.fastq.gz,1
03Dap18231,/local/storage/finch_lowpass_2022/XH-4057/20241025_LH00179_0133_A22HH77LT4/Sample_XH-4057-18231/XH-4057-18231_S226_L008_R1_001.fastq.gz,/local/storage/finch_lowpass_2022/XH-4057/20241025_LH00179_0133_A22HH77LT4/Sample_XH-4057-18231/XH-4057-18231_S226_L008_R2_001.fastq.gz,1
01Dap18232,/local/storage/finch_lowpass_2022/XH-4057/20241025_LH00179_0133_A22HH77LT4/Sample_XH-4057-18232/XH-4057-18232_S262_L008_R1_001.fastq.gz,/local/storage/finch_lowpass_2022/XH-4057/20241025_LH00179_0133_A22HH77LT4/Sample_XH-4057-18232/XH-4057-18232_S262_L008_R2_001.fastq.gz,1
03Dap18233,/local/storage/finch_lowpass_2022/XH-4057/20241025_LH00179_0133_A22HH77LT4/Sample_XH-4057-18233/XH-4057-18233_S130_L008_R1_001.fastq.gz,/local/storage/finch_lowpass_2022/XH-4057/20241025_LH00179_0133_A22HH77LT4/Sample_XH-4057-18233/XH-4057-18233_S130_L008_R2_001.fastq.gz,1
03Dap18234,/local/storage/finch_lowpass_2022/XH-4057/20241025_LH00179_0133_A22HH77LT4/Sample_XH-4057-18234/XH-4057-18234_S299_L008_R1_001.fastq.gz,/local/storage/finch_lowpass_2022/XH-4057/20241025_LH00179_0133_A22HH77LT4/Sample_XH-4057-18234/XH-4057-18234_S299_L008_R2_001.fastq.gz,1
03Dap18235,/local/storage/finch_lowpass_2022/XH-4057/20241025_LH00179_0133_A22HH77LT4/Sample_XH-4057-18235/XH-4057-18235_S293_L008_R1_001.fastq.gz,/local/storage/finch_lowpass_2022/XH-4057/20241025_LH00179_0133_A22HH77LT4/Sample_XH-4057-18235/XH-4057-18235_S293_L008_R2_001.fastq.gz,1
01Dap18236,/local/storage/finch_lowpass_2022/XH-4057/20241025_LH00179_0133_A22HH77LT4/Sample_XH-4057-18236/XH-4057-18236_S201_L008_R1_001.fastq.gz,/local/storage/finch_lowpass_2022/XH-4057/20241025_LH00179_0133_A22HH77LT4/Sample_XH-4057-18236/XH-4057-18236_S201_L008_R2_001.fastq.gz,1
01Dap18237,/local/storage/finch_lowpass_2022/XH-4057/20241025_LH00179_0133_A22HH77LT4/Sample_XH-4057-18237/XH-4057-18237_S240_L008_R1_001.fastq.gz,/local/storage/finch_lowpass_2022/XH-4057/20241025_LH00179_0133_A22HH77LT4/Sample_XH-4057-18237/XH-4057-18237_S240_L008_R2_001.fastq.gz,1
03Dap18238,/local/storage/finch_lowpass_2022/XH-4057/20241025_LH00179_0133_A22HH77LT4/Sample_XH-4057-18238/XH-4057-18238_S290_L008_R1_001.fastq.gz,/local/storage/finch_lowpass_2022/XH-4057/20241025_LH00179_0133_A22HH77LT4/Sample_XH-4057-18238/XH-4057-18238_S290_L008_R2_001.fastq.gz,1
03Dap18239,/local/storage/finch_lowpass_2022/XH-4057/20241025_LH00179_0133_A22HH77LT4/Sample_XH-4057-18239/XH-4057-18239_S273_L008_R1_001.fastq.gz,/local/storage/finch_lowpass_2022/XH-4057/20241025_LH00179_0133_A22HH77LT4/Sample_XH-4057-18239/XH-4057-18239_S273_L008_R2_001.fastq.gz,1
01Dap18240,/local/storage/finch_lowpass_2022/XH-4057/20241025_LH00179_0133_A22HH77LT4/Sample_XH-4057-18240/XH-4057-18240_S344_L008_R1_001.fastq.gz,/local/storage/finch_lowpass_2022/XH-4057/20241025_LH00179_0133_A22HH77LT4/Sample_XH-4057-18240/XH-4057-18240_S344_L008_R2_001.fastq.gz,1
03Dap18241,/local/storage/finch_lowpass_2022/XH-4057/20241025_LH00179_0133_A22HH77LT4/Sample_XH-4057-18241/XH-4057-18241_S129_L008_R1_001.fastq.gz,/local/storage/finch_lowpass_2022/XH-4057/20241025_LH00179_0133_A22HH77LT4/Sample_XH-4057-18241/XH-4057-18241_S129_L008_R2_001.fastq.gz,1
01Dap18242,/local/storage/finch_lowpass_2022/XH-4057/20241025_LH00179_0133_A22HH77LT4/Sample_XH-4057-18242/XH-4057-18242_S194_L008_R1_001.fastq.gz,/local/storage/finch_lowpass_2022/XH-4057/20241025_LH00179_0133_A22HH77LT4/Sample_XH-4057-18242/XH-4057-18242_S194_L008_R2_001.fastq.gz,1
03Dap18243,/local/storage/finch_lowpass_2022/XH-4057/20241025_LH00179_0133_A22HH77LT4/Sample_XH-4057-18243/XH-4057-18243_S272_L008_R1_001.fastq.gz,/local/storage/finch_lowpass_2022/XH-4057/20241025_LH00179_0133_A22HH77LT4/Sample_XH-4057-18243/XH-4057-18243_S272_L008_R2_001.fastq.gz,1
03Dap18244,/local/storage/finch_lowpass_2022/XH-4057/20241025_LH00179_0133_A22HH77LT4/Sample_XH-4057-18244/XH-4057-18244_S283_L008_R1_001.fastq.gz,/local/storage/finch_lowpass_2022/XH-4057/20241025_LH00179_0133_A22HH77LT4/Sample_XH-4057-18244/XH-4057-18244_S283_L008_R2_001.fastq.gz,1
01Dap18245,/local/storage/finch_lowpass_2022/XH-4057/20241025_LH00179_0133_A22HH77LT4/Sample_XH-4057-18245/XH-4057-18245_S267_L008_R1_001.fastq.gz,/local/storage/finch_lowpass_2022/XH-4057/20241025_LH00179_0133_A22HH77LT4/Sample_XH-4057-18245/XH-4057-18245_S267_L008_R2_001.fastq.gz,1
01Dap18246,/local/storage/finch_lowpass_2022/XH-4057/20241025_LH00179_0133_A22HH77LT4/Sample_XH-4057-18246/XH-4057-18246_S261_L008_R1_001.fastq.gz,/local/storage/finch_lowpass_2022/XH-4057/20241025_LH00179_0133_A22HH77LT4/Sample_XH-4057-18246/XH-4057-18246_S261_L008_R2_001.fastq.gz,1
01Dap18247,/local/storage/finch_lowpass_2022/XH-4057/20241025_LH00179_0133_A22HH77LT4/Sample_XH-4057-18247/XH-4057-18247_S200_L008_R1_001.fastq.gz,/local/storage/finch_lowpass_2022/XH-4057/20241025_LH00179_0133_A22HH77LT4/Sample_XH-4057-18247/XH-4057-18247_S200_L008_R2_001.fastq.gz,1
03Dap18248,/local/storage/finch_lowpass_2022/XH-4057/20241025_LH00179_0133_A22HH77LT4/Sample_XH-4057-18248/XH-4057-18248_S277_L008_R1_001.fastq.gz,/local/storage/finch_lowpass_2022/XH-4057/20241025_LH00179_0133_A22HH77LT4/Sample_XH-4057-18248/XH-4057-18248_S277_L008_R2_001.fastq.gz,1
03Dap18249,/local/storage/finch_lowpass_2022/XH-4057/20241025_LH00179_0133_A22HH77LT4/Sample_XH-4057-18249/XH-4057-18249_S276_L008_R1_001.fastq.gz,/local/storage/finch_lowpass_2022/XH-4057/20241025_LH00179_0133_A22HH77LT4/Sample_XH-4057-18249/XH-4057-18249_S276_L008_R2_001.fastq.gz,1
03Dap18250,/local/storage/finch_lowpass_2022/XH-4057/20241025_LH00179_0133_A22HH77LT4/Sample_XH-4057-18250/XH-4057-18250_S126_L008_R1_001.fastq.gz,/local/storage/finch_lowpass_2022/XH-4057/20241025_LH00179_0133_A22HH77LT4/Sample_XH-4057-18250/XH-4057-18250_S126_L008_R2_001.fastq.gz,1
01Dap18251,/local/storage/finch_lowpass_2022/XH-4057/20241025_LH00179_0133_A22HH77LT4/Sample_XH-4057-18251/XH-4057-18251_S197_L008_R1_001.fastq.gz,/local/storage/finch_lowpass_2022/XH-4057/20241025_LH00179_0133_A22HH77LT4/Sample_XH-4057-18251/XH-4057-18251_S197_L008_R2_001.fastq.gz,1
03Dap18252,/local/storage/finch_lowpass_2022/XH-4057/20241025_LH00179_0133_A22HH77LT4/Sample_XH-4057-18252/XH-4057-18252_S268_L008_R1_001.fastq.gz,/local/storage/finch_lowpass_2022/XH-4057/20241025_LH00179_0133_A22HH77LT4/Sample_XH-4057-18252/XH-4057-18252_S268_L008_R2_001.fastq.gz,1
01Dap18253,/local/storage/finch_lowpass_2022/XH-4057/20241025_LH00179_0133_A22HH77LT4/Sample_XH-4057-18253/XH-4057-18253_S182_L008_R1_001.fastq.gz,/local/storage/finch_lowpass_2022/XH-4057/20241025_LH00179_0133_A22HH77LT4/Sample_XH-4057-18253/XH-4057-18253_S182_L008_R2_001.fastq.gz,1
03Dap18254,/local/storage/finch_lowpass_2022/XH-4057/20241025_LH00179_0133_A22HH77LT4/Sample_XH-4057-18254/XH-4057-18254_S302_L008_R1_001.fastq.gz,/local/storage/finch_lowpass_2022/XH-4057/20241025_LH00179_0133_A22HH77LT4/Sample_XH-4057-18254/XH-4057-18254_S302_L008_R2_001.fastq.gz,1
03Dap18255,/local/storage/finch_lowpass_2022/XH-4057/20241025_LH00179_0133_A22HH77LT4/Sample_XH-4057-18255/XH-4057-18255_S132_L008_R1_001.fastq.gz,/local/storage/finch_lowpass_2022/XH-4057/20241025_LH00179_0133_A22HH77LT4/Sample_XH-4057-18255/XH-4057-18255_S132_L008_R2_001.fastq.gz,1
01Dap18256,/local/storage/finch_lowpass_2022/XH-4057/20241025_LH00179_0133_A22HH77LT4/Sample_XH-4057-18256/XH-4057-18256_S269_L008_R1_001.fastq.gz,/local/storage/finch_lowpass_2022/XH-4057/20241025_LH00179_0133_A22HH77LT4/Sample_XH-4057-18256/XH-4057-18256_S269_L008_R2_001.fastq.gz,1
03Dap18257,/local/storage/finch_lowpass_2022/XH-4057/20241025_LH00179_0133_A22HH77LT4/Sample_XH-4057-18257/XH-4057-18257_S140_L008_R1_001.fastq.gz,/local/storage/finch_lowpass_2022/XH-4057/20241025_LH00179_0133_A22HH77LT4/Sample_XH-4057-18257/XH-4057-18257_S140_L008_R2_001.fastq.gz,1
03Dap18258,/local/storage/finch_lowpass_2022/XH-4057/20241025_LH00179_0133_A22HH77LT4/Sample_XH-4057-18258/XH-4057-18258_S323_L008_R1_001.fastq.gz,/local/storage/finch_lowpass_2022/XH-4057/20241025_LH00179_0133_A22HH77LT4/Sample_XH-4057-18258/XH-4057-18258_S323_L008_R2_001.fastq.gz,1
01Dap18259,/local/storage/finch_lowpass_2022/XH-4057/20241025_LH00179_0133_A22HH77LT4/Sample_XH-4057-18259/XH-4057-18259_S203_L008_R1_001.fastq.gz,/local/storage/finch_lowpass_2022/XH-4057/20241025_LH00179_0133_A22HH77LT4/Sample_XH-4057-18259/XH-4057-18259_S203_L008_R2_001.fastq.gz,1
03Dap18260,/local/storage/finch_lowpass_2022/XH-4057/20241025_LH00179_0133_A22HH77LT4/Sample_XH-4057-18260/XH-4057-18260_S330_L008_R1_001.fastq.gz,/local/storage/finch_lowpass_2022/XH-4057/20241025_LH00179_0133_A22HH77LT4/Sample_XH-4057-18260/XH-4057-18260_S330_L008_R2_001.fastq.gz,1
03Dap18261,/local/storage/finch_lowpass_2022/XH-4057/20241025_LH00179_0133_A22HH77LT4/Sample_XH-4057-18261/XH-4057-18261_S131_L008_R1_001.fastq.gz,/local/storage/finch_lowpass_2022/XH-4057/20241025_LH00179_0133_A22HH77LT4/Sample_XH-4057-18261/XH-4057-18261_S131_L008_R2_001.fastq.gz,1
01Dap18262,/local/storage/finch_lowpass_2022/XH-4057/20241025_LH00179_0133_A22HH77LT4/Sample_XH-4057-18262/XH-4057-18262_S205_L008_R1_001.fastq.gz,/local/storage/finch_lowpass_2022/XH-4057/20241025_LH00179_0133_A22HH77LT4/Sample_XH-4057-18262/XH-4057-18262_S205_L008_R2_001.fastq.gz,1
03Dap18263,/local/storage/finch_lowpass_2022/XH-4057/20241025_LH00179_0133_A22HH77LT4/Sample_XH-4057-18263/XH-4057-18263_S303_L008_R1_001.fastq.gz,/local/storage/finch_lowpass_2022/XH-4057/20241025_LH00179_0133_A22HH77LT4/Sample_XH-4057-18263/XH-4057-18263_S303_L008_R2_001.fastq.gz,1
03Dap18264,/local/storage/finch_lowpass_2022/XH-4057/20241025_LH00179_0133_A22HH77LT4/Sample_XH-4057-18264/XH-4057-18264_S227_L008_R1_001.fastq.gz,/local/storage/finch_lowpass_2022/XH-4057/20241025_LH00179_0133_A22HH77LT4/Sample_XH-4057-18264/XH-4057-18264_S227_L008_R2_001.fastq.gz,1
03Dap18265,/local/storage/finch_lowpass_2022/XH-4057/20241025_LH00179_0133_A22HH77LT4/Sample_XH-4057-18265/XH-4057-18265_S314_L008_R1_001.fastq.gz,/local/storage/finch_lowpass_2022/XH-4057/20241025_LH00179_0133_A22HH77LT4/Sample_XH-4057-18265/XH-4057-18265_S314_L008_R2_001.fastq.gz,1
03Dap18266,/local/storage/finch_lowpass_2022/XH-4057/20241025_LH00179_0133_A22HH77LT4/Sample_XH-4057-18266/XH-4057-18266_S318_L008_R1_001.fastq.gz,/local/storage/finch_lowpass_2022/XH-4057/20241025_LH00179_0133_A22HH77LT4/Sample_XH-4057-18266/XH-4057-18266_S318_L008_R2_001.fastq.gz,1
03Dap18267,/local/storage/finch_lowpass_2022/XH-4057/20241025_LH00179_0133_A22HH77LT4/Sample_XH-4057-18267/XH-4057-18267_S297_L008_R1_001.fastq.gz,/local/storage/finch_lowpass_2022/XH-4057/20241025_LH00179_0133_A22HH77LT4/Sample_XH-4057-18267/XH-4057-18267_S297_L008_R2_001.fastq.gz,1
03Dap18268,/local/storage/finch_lowpass_2022/XH-4057/20241025_LH00179_0133_A22HH77LT4/Sample_XH-4057-18268/XH-4057-18268_S127_L008_R1_001.fastq.gz,/local/storage/finch_lowpass_2022/XH-4057/20241025_LH00179_0133_A22HH77LT4/Sample_XH-4057-18268/XH-4057-18268_S127_L008_R2_001.fastq.gz,1
03Dap18269,/local/storage/finch_lowpass_2022/XH-4057/20241025_LH00179_0133_A22HH77LT4/Sample_XH-4057-18269/XH-4057-18269_S280_L008_R1_001.fastq.gz,/local/storage/finch_lowpass_2022/XH-4057/20241025_LH00179_0133_A22HH77LT4/Sample_XH-4057-18269/XH-4057-18269_S280_L008_R2_001.fastq.gz,1
01Dap18270,/local/storage/finch_lowpass_2022/XH-4057/20241025_LH00179_0133_A22HH77LT4/Sample_XH-4057-18270/XH-4057-18270_S270_L008_R1_001.fastq.gz,/local/storage/finch_lowpass_2022/XH-4057/20241025_LH00179_0133_A22HH77LT4/Sample_XH-4057-18270/XH-4057-18270_S270_L008_R2_001.fastq.gz,1
01Dap18271,/local/storage/finch_lowpass_2022/XH-4057/20241025_LH00179_0133_A22HH77LT4/Sample_XH-4057-18271/XH-4057-18271_S266_L008_R1_001.fastq.gz,/local/storage/finch_lowpass_2022/XH-4057/20241025_LH00179_0133_A22HH77LT4/Sample_XH-4057-18271/XH-4057-18271_S266_L008_R2_001.fastq.gz,1
03Dap18272,/local/storage/finch_lowpass_2022/XH-4057/20241025_LH00179_0133_A22HH77LT4/Sample_XH-4057-18272/XH-4057-18272_S291_L008_R1_001.fastq.gz,/local/storage/finch_lowpass_2022/XH-4057/20241025_LH00179_0133_A22HH77LT4/Sample_XH-4057-18272/XH-4057-18272_S291_L008_R2_001.fastq.gz,1
03Dap18273,/local/storage/finch_lowpass_2022/XH-4057/20241025_LH00179_0133_A22HH77LT4/Sample_XH-4057-18273/XH-4057-18273_S124_L008_R1_001.fastq.gz,/local/storage/finch_lowpass_2022/XH-4057/20241025_LH00179_0133_A22HH77LT4/Sample_XH-4057-18273/XH-4057-18273_S124_L008_R2_001.fastq.gz,1
03Dap18274,/local/storage/finch_lowpass_2022/XH-4057/20241025_LH00179_0133_A22HH77LT4/Sample_XH-4057-18274/XH-4057-18274_S324_L008_R1_001.fastq.gz,/local/storage/finch_lowpass_2022/XH-4057/20241025_LH00179_0133_A22HH77LT4/Sample_XH-4057-18274/XH-4057-18274_S324_L008_R2_001.fastq.gz,1
03Dap18275,/local/storage/finch_lowpass_2022/XH-4057/20241025_LH00179_0133_A22HH77LT4/Sample_XH-4057-18275/XH-4057-18275_S320_L008_R1_001.fastq.gz,/local/storage/finch_lowpass_2022/XH-4057/20241025_LH00179_0133_A22HH77LT4/Sample_XH-4057-18275/XH-4057-18275_S320_L008_R2_001.fastq.gz,1
03Dap18276,/local/storage/finch_lowpass_2022/XH-4057/20241025_LH00179_0133_A22HH77LT4/Sample_XH-4057-18276/XH-4057-18276_S115_L008_R1_001.fastq.gz,/local/storage/finch_lowpass_2022/XH-4057/20241025_LH00179_0133_A22HH77LT4/Sample_XH-4057-18276/XH-4057-18276_S115_L008_R2_001.fastq.gz,1
03Dap18277,/local/storage/finch_lowpass_2022/XH-4057/20241025_LH00179_0133_A22HH77LT4/Sample_XH-4057-18277/XH-4057-18277_S325_L008_R1_001.fastq.gz,/local/storage/finch_lowpass_2022/XH-4057/20241025_LH00179_0133_A22HH77LT4/Sample_XH-4057-18277/XH-4057-18277_S325_L008_R2_001.fastq.gz,1
03Dap18278,/local/storage/finch_lowpass_2022/XH-4057/20241025_LH00179_0133_A22HH77LT4/Sample_XH-4057-18278/XH-4057-18278_S113_L008_R1_001.fastq.gz,/local/storage/finch_lowpass_2022/XH-4057/20241025_LH00179_0133_A22HH77LT4/Sample_XH-4057-18278/XH-4057-18278_S113_L008_R2_001.fastq.gz,1
03Dap18279,/local/storage/finch_lowpass_2022/XH-4057/20241025_LH00179_0133_A22HH77LT4/Sample_XH-4057-18279/XH-4057-18279_S294_L008_R1_001.fastq.gz,/local/storage/finch_lowpass_2022/XH-4057/20241025_LH00179_0133_A22HH77LT4/Sample_XH-4057-18279/XH-4057-18279_S294_L008_R2_001.fastq.gz,1
01Dap18280,/local/storage/finch_lowpass_2022/XH-4057/20241025_LH00179_0133_A22HH77LT4/Sample_XH-4057-18280/XH-4057-18280_S258_L008_R1_001.fastq.gz,/local/storage/finch_lowpass_2022/XH-4057/20241025_LH00179_0133_A22HH77LT4/Sample_XH-4057-18280/XH-4057-18280_S258_L008_R2_001.fastq.gz,1
03Dap18281,/local/storage/finch_lowpass_2022/XH-4057/20241025_LH00179_0133_A22HH77LT4/Sample_XH-4057-18281/XH-4057-18281_S326_L008_R1_001.fastq.gz,/local/storage/finch_lowpass_2022/XH-4057/20241025_LH00179_0133_A22HH77LT4/Sample_XH-4057-18281/XH-4057-18281_S326_L008_R2_001.fastq.gz,1
03Dap18282,/local/storage/finch_lowpass_2022/XH-4057/20241025_LH00179_0133_A22HH77LT4/Sample_XH-4057-18282/XH-4057-18282_S117_L008_R1_001.fastq.gz,/local/storage/finch_lowpass_2022/XH-4057/20241025_LH00179_0133_A22HH77LT4/Sample_XH-4057-18282/XH-4057-18282_S117_L008_R2_001.fastq.gz,1
03Dap18283,/local/storage/finch_lowpass_2022/XH-4057/20241025_LH00179_0133_A22HH77LT4/Sample_XH-4057-18283/XH-4057-18283_S271_L008_R1_001.fastq.gz,/local/storage/finch_lowpass_2022/XH-4057/20241025_LH00179_0133_A22HH77LT4/Sample_XH-4057-18283/XH-4057-18283_S271_L008_R2_001.fastq.gz,1
01Dap18284,/local/storage/finch_lowpass_2022/XH-4057/20241025_LH00179_0133_A22HH77LT4/Sample_XH-4057-18284/XH-4057-18284_S198_L008_R1_001.fastq.gz,/local/storage/finch_lowpass_2022/XH-4057/20241025_LH00179_0133_A22HH77LT4/Sample_XH-4057-18284/XH-4057-18284_S198_L008_R2_001.fastq.gz,1
03Dap18285,/local/storage/finch_lowpass_2022/XH-4057/20241025_LH00179_0133_A22HH77LT4/Sample_XH-4057-18285/XH-4057-18285_S315_L008_R1_001.fastq.gz,/local/storage/finch_lowpass_2022/XH-4057/20241025_LH00179_0133_A22HH77LT4/Sample_XH-4057-18285/XH-4057-18285_S315_L008_R2_001.fastq.gz,1
03Dap18286,/local/storage/finch_lowpass_2022/XH-4057/20241025_LH00179_0133_A22HH77LT4/Sample_XH-4057-18286/XH-4057-18286_S147_L008_R1_001.fastq.gz,/local/storage/finch_lowpass_2022/XH-4057/20241025_LH00179_0133_A22HH77LT4/Sample_XH-4057-18286/XH-4057-18286_S147_L008_R2_001.fastq.gz,1
03Dap18287,/local/storage/finch_lowpass_2022/XH-4057/20241025_LH00179_0133_A22HH77LT4/Sample_XH-4057-18287/XH-4057-18287_S133_L008_R1_001.fastq.gz,/local/storage/finch_lowpass_2022/XH-4057/20241025_LH00179_0133_A22HH77LT4/Sample_XH-4057-18287/XH-4057-18287_S133_L008_R2_001.fastq.gz,1
03Dap18288,/local/storage/finch_lowpass_2022/XH-4057/20241025_LH00179_0133_A22HH77LT4/Sample_XH-4057-18288/XH-4057-18288_S282_L008_R1_001.fastq.gz,/local/storage/finch_lowpass_2022/XH-4057/20241025_LH00179_0133_A22HH77LT4/Sample_XH-4057-18288/XH-4057-18288_S282_L008_R2_001.fastq.gz,1
00Dap18289,/local/storage/finch_lowpass_2022/XH-4057/20241025_LH00179_0133_A22HH77LT4/Sample_XH-4057-18289/XH-4057-18289_S334_L008_R1_001.fastq.gz,/local/storage/finch_lowpass_2022/XH-4057/20241025_LH00179_0133_A22HH77LT4/Sample_XH-4057-18289/XH-4057-18289_S334_L008_R2_001.fastq.gz,1
01Dap18290,/local/storage/finch_lowpass_2022/XH-4057/20241025_LH00179_0133_A22HH77LT4/Sample_XH-4057-18290/XH-4057-18290_S260_L008_R1_001.fastq.gz,/local/storage/finch_lowpass_2022/XH-4057/20241025_LH00179_0133_A22HH77LT4/Sample_XH-4057-18290/XH-4057-18290_S260_L008_R2_001.fastq.gz,1
01Dap18291,/local/storage/finch_lowpass_2022/XH-4057/20241025_LH00179_0133_A22HH77LT4/Sample_XH-4057-18291/XH-4057-18291_S202_L008_R1_001.fastq.gz,/local/storage/finch_lowpass_2022/XH-4057/20241025_LH00179_0133_A22HH77LT4/Sample_XH-4057-18291/XH-4057-18291_S202_L008_R2_001.fastq.gz,1
01Dap18292,/local/storage/finch_lowpass_2022/XH-4057/20241025_LH00179_0133_A22HH77LT4/Sample_XH-4057-18292/XH-4057-18292_S196_L008_R1_001.fastq.gz,/local/storage/finch_lowpass_2022/XH-4057/20241025_LH00179_0133_A22HH77LT4/Sample_XH-4057-18292/XH-4057-18292_S196_L008_R2_001.fastq.gz,1
03Dap18293,/local/storage/finch_lowpass_2022/XH-4057/20241025_LH00179_0133_A22HH77LT4/Sample_XH-4057-18293/XH-4057-18293_S296_L008_R1_001.fastq.gz,/local/storage/finch_lowpass_2022/XH-4057/20241025_LH00179_0133_A22HH77LT4/Sample_XH-4057-18293/XH-4057-18293_S296_L008_R2_001.fastq.gz,1
01Dap18302,/local/storage/finch_lowpass_2022/XH-4057/20241025_LH00179_0133_A22HH77LT4/Sample_XH-4057-18302/XH-4057-18302_S188_L008_R1_001.fastq.gz,/local/storage/finch_lowpass_2022/XH-4057/20241025_LH00179_0133_A22HH77LT4/Sample_XH-4057-18302/XH-4057-18302_S188_L008_R2_001.fastq.gz,1
01Dap18312,/local/storage/finch_lowpass_2022/XH-4057/20241025_LH00179_0133_A22HH77LT4/Sample_XH-4057-18312/XH-4057-18312_S187_L008_R1_001.fastq.gz,/local/storage/finch_lowpass_2022/XH-4057/20241025_LH00179_0133_A22HH77LT4/Sample_XH-4057-18312/XH-4057-18312_S187_L008_R2_001.fastq.gz,1
03Dap18320,/local/storage/finch_lowpass_2022/XH-4057/20241025_LH00179_0133_A22HH77LT4/Sample_XH-4057-18320/XH-4057-18320_S154_L008_R1_001.fastq.gz,/local/storage/finch_lowpass_2022/XH-4057/20241025_LH00179_0133_A22HH77LT4/Sample_XH-4057-18320/XH-4057-18320_S154_L008_R2_001.fastq.gz,1
00Dap18321,/local/storage/finch_lowpass_2022/XH-4057/20241025_LH00179_0133_A22HH77LT4/Sample_XH-4057-18321/XH-4057-18321_S335_L008_R1_001.fastq.gz,/local/storage/finch_lowpass_2022/XH-4057/20241025_LH00179_0133_A22HH77LT4/Sample_XH-4057-18321/XH-4057-18321_S335_L008_R2_001.fastq.gz,1
01Dap18322,/local/storage/finch_lowpass_2022/XH-4057/20241025_LH00179_0133_A22HH77LT4/Sample_XH-4057-18322/XH-4057-18322_S137_L008_R1_001.fastq.gz,/local/storage/finch_lowpass_2022/XH-4057/20241025_LH00179_0133_A22HH77LT4/Sample_XH-4057-18322/XH-4057-18322_S137_L008_R2_001.fastq.gz,1
03Dap18323,/local/storage/finch_lowpass_2022/XH-4057/20241025_LH00179_0133_A22HH77LT4/Sample_XH-4057-18323/XH-4057-18323_S247_L008_R1_001.fastq.gz,/local/storage/finch_lowpass_2022/XH-4057/20241025_LH00179_0133_A22HH77LT4/Sample_XH-4057-18323/XH-4057-18323_S247_L008_R2_001.fastq.gz,1
03Dap18324,/local/storage/finch_lowpass_2022/XH-4057/20241025_LH00179_0133_A22HH77LT4/Sample_XH-4057-18324/XH-4057-18324_S161_L008_R1_001.fastq.gz,/local/storage/finch_lowpass_2022/XH-4057/20241025_LH00179_0133_A22HH77LT4/Sample_XH-4057-18324/XH-4057-18324_S161_L008_R2_001.fastq.gz,1
03Dap18325,/local/storage/finch_lowpass_2022/XH-4057/20241025_LH00179_0133_A22HH77LT4/Sample_XH-4057-18325/XH-4057-18325_S310_L008_R1_001.fastq.gz,/local/storage/finch_lowpass_2022/XH-4057/20241025_LH00179_0133_A22HH77LT4/Sample_XH-4057-18325/XH-4057-18325_S310_L008_R2_001.fastq.gz,1
03Dap18326,/local/storage/finch_lowpass_2022/XH-4057/20241025_LH00179_0133_A22HH77LT4/Sample_XH-4057-18326/XH-4057-18326_S251_L008_R1_001.fastq.gz,/local/storage/finch_lowpass_2022/XH-4057/20241025_LH00179_0133_A22HH77LT4/Sample_XH-4057-18326/XH-4057-18326_S251_L008_R2_001.fastq.gz,1
03Dap18327,/local/storage/finch_lowpass_2022/XH-4057/20241025_LH00179_0133_A22HH77LT4/Sample_XH-4057-18327/XH-4057-18327_S254_L008_R1_001.fastq.gz,/local/storage/finch_lowpass_2022/XH-4057/20241025_LH00179_0133_A22HH77LT4/Sample_XH-4057-18327/XH-4057-18327_S254_L008_R2_001.fastq.gz,1
03Dap18328,/local/storage/finch_lowpass_2022/XH-4057/20241025_LH00179_0133_A22HH77LT4/Sample_XH-4057-18328/XH-4057-18328_S313_L008_R1_001.fastq.gz,/local/storage/finch_lowpass_2022/XH-4057/20241025_LH00179_0133_A22HH77LT4/Sample_XH-4057-18328/XH-4057-18328_S313_L008_R2_001.fastq.gz,1
03Dap18329,/local/storage/finch_lowpass_2022/XH-4057/20241025_LH00179_0133_A22HH77LT4/Sample_XH-4057-18329/XH-4057-18329_S246_L008_R1_001.fastq.gz,/local/storage/finch_lowpass_2022/XH-4057/20241025_LH00179_0133_A22HH77LT4/Sample_XH-4057-18329/XH-4057-18329_S246_L008_R2_001.fastq.gz,1
03Dap18332,/local/storage/finch_lowpass_2022/XH-4057/20241025_LH00179_0133_A22HH77LT4/Sample_XH-4057-18332/XH-4057-18332_S312_L008_R1_001.fastq.gz,/local/storage/finch_lowpass_2022/XH-4057/20241025_LH00179_0133_A22HH77LT4/Sample_XH-4057-18332/XH-4057-18332_S312_L008_R2_001.fastq.gz,1
03Dap18342,/local/storage/finch_lowpass_2022/XH-4057/20241025_LH00179_0133_A22HH77LT4/Sample_XH-4057-18342/XH-4057-18342_S242_L008_R1_001.fastq.gz,/local/storage/finch_lowpass_2022/XH-4057/20241025_LH00179_0133_A22HH77LT4/Sample_XH-4057-18342/XH-4057-18342_S242_L008_R2_001.fastq.gz,1
03Dap18352,/local/storage/finch_lowpass_2022/XH-4057/20241025_LH00179_0133_A22HH77LT4/Sample_XH-4057-18352/XH-4057-18352_S248_L008_R1_001.fastq.gz,/local/storage/finch_lowpass_2022/XH-4057/20241025_LH00179_0133_A22HH77LT4/Sample_XH-4057-18352/XH-4057-18352_S248_L008_R2_001.fastq.gz,1
01Dap18362,/local/storage/finch_lowpass_2022/XH-4057/20241025_LH00179_0133_A22HH77LT4/Sample_XH-4057-18362/XH-4057-18362_S190_L008_R1_001.fastq.gz,/local/storage/finch_lowpass_2022/XH-4057/20241025_LH00179_0133_A22HH77LT4/Sample_XH-4057-18362/XH-4057-18362_S190_L008_R2_001.fastq.gz,1
03Dap18372,/local/storage/finch_lowpass_2022/XH-4057/20241025_LH00179_0133_A22HH77LT4/Sample_XH-4057-18372/XH-4057-18372_S243_L008_R1_001.fastq.gz,/local/storage/finch_lowpass_2022/XH-4057/20241025_LH00179_0133_A22HH77LT4/Sample_XH-4057-18372/XH-4057-18372_S243_L008_R2_001.fastq.gz,1
03Dap18382,/local/storage/finch_lowpass_2022/XH-4057/20241025_LH00179_0133_A22HH77LT4/Sample_XH-4057-18382/XH-4057-18382_S245_L008_R1_001.fastq.gz,/local/storage/finch_lowpass_2022/XH-4057/20241025_LH00179_0133_A22HH77LT4/Sample_XH-4057-18382/XH-4057-18382_S245_L008_R2_001.fastq.gz,1
03Dap18392,/local/storage/finch_lowpass_2022/XH-4057/20241025_LH00179_0133_A22HH77LT4/Sample_XH-4057-18392/XH-4057-18392_S167_L008_R1_001.fastq.gz,/local/storage/finch_lowpass_2022/XH-4057/20241025_LH00179_0133_A22HH77LT4/Sample_XH-4057-18392/XH-4057-18392_S167_L008_R2_001.fastq.gz,1
03Dap18402,/local/storage/finch_lowpass_2022/XH-4057/20241025_LH00179_0133_A22HH77LT4/Sample_XH-4057-18402/XH-4057-18402_S241_L008_R1_001.fastq.gz,/local/storage/finch_lowpass_2022/XH-4057/20241025_LH00179_0133_A22HH77LT4/Sample_XH-4057-18402/XH-4057-18402_S241_L008_R2_001.fastq.gz,1
03Dap18412,/local/storage/finch_lowpass_2022/XH-4057/20241025_LH00179_0133_A22HH77LT4/Sample_XH-4057-18412/XH-4057-18412_S138_L008_R1_001.fastq.gz,/local/storage/finch_lowpass_2022/XH-4057/20241025_LH00179_0133_A22HH77LT4/Sample_XH-4057-18412/XH-4057-18412_S138_L008_R2_001.fastq.gz,1
03Dap18420,/local/storage/finch_lowpass_2022/XH-4057/20241025_LH00179_0133_A22HH77LT4/Sample_XH-4057-18420/XH-4057-18420_S308_L008_R1_001.fastq.gz,/local/storage/finch_lowpass_2022/XH-4057/20241025_LH00179_0133_A22HH77LT4/Sample_XH-4057-18420/XH-4057-18420_S308_L008_R2_001.fastq.gz,1
03Dap18421,/local/storage/finch_lowpass_2022/XH-4057/20241025_LH00179_0133_A22HH77LT4/Sample_XH-4057-18421/XH-4057-18421_S136_L008_R1_001.fastq.gz,/local/storage/finch_lowpass_2022/XH-4057/20241025_LH00179_0133_A22HH77LT4/Sample_XH-4057-18421/XH-4057-18421_S136_L008_R2_001.fastq.gz,1
03Dap18422,/local/storage/finch_lowpass_2022/XH-4057/20241025_LH00179_0133_A22HH77LT4/Sample_XH-4057-18422/XH-4057-18422_S252_L008_R1_001.fastq.gz,/local/storage/finch_lowpass_2022/XH-4057/20241025_LH00179_0133_A22HH77LT4/Sample_XH-4057-18422/XH-4057-18422_S252_L008_R2_001.fastq.gz,1
01Dap18423,/local/storage/finch_lowpass_2022/XH-4057/20241025_LH00179_0133_A22HH77LT4/Sample_XH-4057-18423/XH-4057-18423_S186_L008_R1_001.fastq.gz,/local/storage/finch_lowpass_2022/XH-4057/20241025_LH00179_0133_A22HH77LT4/Sample_XH-4057-18423/XH-4057-18423_S186_L008_R2_001.fastq.gz,1
01Dap18424,/local/storage/finch_lowpass_2022/XH-4057/20241025_LH00179_0133_A22HH77LT4/Sample_XH-4057-18424/XH-4057-18424_S250_L008_R1_001.fastq.gz,/local/storage/finch_lowpass_2022/XH-4057/20241025_LH00179_0133_A22HH77LT4/Sample_XH-4057-18424/XH-4057-18424_S250_L008_R2_001.fastq.gz,1
03Dap18425,/local/storage/finch_lowpass_2022/XH-4057/20241025_LH00179_0133_A22HH77LT4/Sample_XH-4057-18425/XH-4057-18425_S135_L008_R1_001.fastq.gz,/local/storage/finch_lowpass_2022/XH-4057/20241025_LH00179_0133_A22HH77LT4/Sample_XH-4057-18425/XH-4057-18425_S135_L008_R2_001.fastq.gz,1
03Dap18426,/local/storage/finch_lowpass_2022/XH-4057/20241025_LH00179_0133_A22HH77LT4/Sample_XH-4057-18426/XH-4057-18426_S309_L008_R1_001.fastq.gz,/local/storage/finch_lowpass_2022/XH-4057/20241025_LH00179_0133_A22HH77LT4/Sample_XH-4057-18426/XH-4057-18426_S309_L008_R2_001.fastq.gz,1
03Dap18427,/local/storage/finch_lowpass_2022/XH-4057/20241025_LH00179_0133_A22HH77LT4/Sample_XH-4057-18427/XH-4057-18427_S155_L008_R1_001.fastq.gz,/local/storage/finch_lowpass_2022/XH-4057/20241025_LH00179_0133_A22HH77LT4/Sample_XH-4057-18427/XH-4057-18427_S155_L008_R2_001.fastq.gz,1
03Dap18428,/local/storage/finch_lowpass_2022/XH-4057/20241025_LH00179_0133_A22HH77LT4/Sample_XH-4057-18428/XH-4057-18428_S255_L008_R1_001.fastq.gz,/local/storage/finch_lowpass_2022/XH-4057/20241025_LH00179_0133_A22HH77LT4/Sample_XH-4057-18428/XH-4057-18428_S255_L008_R2_001.fastq.gz,1
03Dap18429,/local/storage/finch_lowpass_2022/XH-4057/20241025_LH00179_0133_A22HH77LT4/Sample_XH-4057-18429/XH-4057-18429_S212_L008_R1_001.fastq.gz,/local/storage/finch_lowpass_2022/XH-4057/20241025_LH00179_0133_A22HH77LT4/Sample_XH-4057-18429/XH-4057-18429_S212_L008_R2_001.fastq.gz,1
03Dap18432,/local/storage/finch_lowpass_2022/XH-4057/20241025_LH00179_0133_A22HH77LT4/Sample_XH-4057-18432/XH-4057-18432_S214_L008_R1_001.fastq.gz,/local/storage/finch_lowpass_2022/XH-4057/20241025_LH00179_0133_A22HH77LT4/Sample_XH-4057-18432/XH-4057-18432_S214_L008_R2_001.fastq.gz,1
00Dap18452,/local/storage/finch_lowpass_2022/XH-4057/20241025_LH00179_0133_A22HH77LT4/Sample_XH-4057-18452/XH-4057-18452_S333_L008_R1_001.fastq.gz,/local/storage/finch_lowpass_2022/XH-4057/20241025_LH00179_0133_A22HH77LT4/Sample_XH-4057-18452/XH-4057-18452_S333_L008_R2_001.fastq.gz,1
03Dap18472,/local/storage/finch_lowpass_2022/XH-4057/20241025_LH00179_0133_A22HH77LT4/Sample_XH-4057-18472/XH-4057-18472_S289_L008_R1_001.fastq.gz,/local/storage/finch_lowpass_2022/XH-4057/20241025_LH00179_0133_A22HH77LT4/Sample_XH-4057-18472/XH-4057-18472_S289_L008_R2_001.fastq.gz,1
03Dap18482,/local/storage/finch_lowpass_2022/XH-4057/20241025_LH00179_0133_A22HH77LT4/Sample_XH-4057-18482/XH-4057-18482_S159_L008_R1_001.fastq.gz,/local/storage/finch_lowpass_2022/XH-4057/20241025_LH00179_0133_A22HH77LT4/Sample_XH-4057-18482/XH-4057-18482_S159_L008_R2_001.fastq.gz,1
03Dap18492,/local/storage/finch_lowpass_2022/XH-4057/20241025_LH00179_0133_A22HH77LT4/Sample_XH-4057-18492/XH-4057-18492_S158_L008_R1_001.fastq.gz,/local/storage/finch_lowpass_2022/XH-4057/20241025_LH00179_0133_A22HH77LT4/Sample_XH-4057-18492/XH-4057-18492_S158_L008_R2_001.fastq.gz,1
03Dap18512,/local/storage/finch_lowpass_2022/XH-4057/20241025_LH00179_0133_A22HH77LT4/Sample_XH-4057-18512/XH-4057-18512_S209_L008_R1_001.fastq.gz,/local/storage/finch_lowpass_2022/XH-4057/20241025_LH00179_0133_A22HH77LT4/Sample_XH-4057-18512/XH-4057-18512_S209_L008_R2_001.fastq.gz,1
01Dap18521,/local/storage/finch_lowpass_2022/XH-4057/20241025_LH00179_0133_A22HH77LT4/Sample_XH-4057-18521/XH-4057-18521_S164_L008_R1_001.fastq.gz,/local/storage/finch_lowpass_2022/XH-4057/20241025_LH00179_0133_A22HH77LT4/Sample_XH-4057-18521/XH-4057-18521_S164_L008_R2_001.fastq.gz,1
03Dap18522,/local/storage/finch_lowpass_2022/XH-4057/20241025_LH00179_0133_A22HH77LT4/Sample_XH-4057-18522/XH-4057-18522_S160_L008_R1_001.fastq.gz,/local/storage/finch_lowpass_2022/XH-4057/20241025_LH00179_0133_A22HH77LT4/Sample_XH-4057-18522/XH-4057-18522_S160_L008_R2_001.fastq.gz,1
03Dap18523,/local/storage/finch_lowpass_2022/XH-4057/20241025_LH00179_0133_A22HH77LT4/Sample_XH-4057-18523/XH-4057-18523_S211_L008_R1_001.fastq.gz,/local/storage/finch_lowpass_2022/XH-4057/20241025_LH00179_0133_A22HH77LT4/Sample_XH-4057-18523/XH-4057-18523_S211_L008_R2_001.fastq.gz,1
03Dap18524,/local/storage/finch_lowpass_2022/XH-4057/20241025_LH00179_0133_A22HH77LT4/Sample_XH-4057-18524/XH-4057-18524_S210_L008_R1_001.fastq.gz,/local/storage/finch_lowpass_2022/XH-4057/20241025_LH00179_0133_A22HH77LT4/Sample_XH-4057-18524/XH-4057-18524_S210_L008_R2_001.fastq.gz,1
03Dap18525,/local/storage/finch_lowpass_2022/XH-4057/20241025_LH00179_0133_A22HH77LT4/Sample_XH-4057-18525/XH-4057-18525_S343_L008_R1_001.fastq.gz,/local/storage/finch_lowpass_2022/XH-4057/20241025_LH00179_0133_A22HH77LT4/Sample_XH-4057-18525/XH-4057-18525_S343_L008_R2_001.fastq.gz,1
03Dap18526,/local/storage/finch_lowpass_2022/XH-4057/20241025_LH00179_0133_A22HH77LT4/Sample_XH-4057-18526/XH-4057-18526_S342_L008_R1_001.fastq.gz,/local/storage/finch_lowpass_2022/XH-4057/20241025_LH00179_0133_A22HH77LT4/Sample_XH-4057-18526/XH-4057-18526_S342_L008_R2_001.fastq.gz,1
03Dap18527,/local/storage/finch_lowpass_2022/XH-4057/20241025_LH00179_0133_A22HH77LT4/Sample_XH-4057-18527/XH-4057-18527_S156_L008_R1_001.fastq.gz,/local/storage/finch_lowpass_2022/XH-4057/20241025_LH00179_0133_A22HH77LT4/Sample_XH-4057-18527/XH-4057-18527_S156_L008_R2_001.fastq.gz,1
03Dap18528,/local/storage/finch_lowpass_2022/XH-4057/20241025_LH00179_0133_A22HH77LT4/Sample_XH-4057-18528/XH-4057-18528_S153_L008_R1_001.fastq.gz,/local/storage/finch_lowpass_2022/XH-4057/20241025_LH00179_0133_A22HH77LT4/Sample_XH-4057-18528/XH-4057-18528_S153_L008_R2_001.fastq.gz,1
03Dap18529,/local/storage/finch_lowpass_2022/XH-4057/20241025_LH00179_0133_A22HH77LT4/Sample_XH-4057-18529/XH-4057-18529_S152_L008_R1_001.fastq.gz,/local/storage/finch_lowpass_2022/XH-4057/20241025_LH00179_0133_A22HH77LT4/Sample_XH-4057-18529/XH-4057-18529_S152_L008_R2_001.fastq.gz,1
00Dap18532,/local/storage/finch_lowpass_2022/XH-4057/20241025_LH00179_0133_A22HH77LT4/Sample_XH-4057-18532/XH-4057-18532_S337_L008_R1_001.fastq.gz,/local/storage/finch_lowpass_2022/XH-4057/20241025_LH00179_0133_A22HH77LT4/Sample_XH-4057-18532/XH-4057-18532_S337_L008_R2_001.fastq.gz,1
03Dap18542,/local/storage/finch_lowpass_2022/XH-4057/20241025_LH00179_0133_A22HH77LT4/Sample_XH-4057-18542/XH-4057-18542_S151_L008_R1_001.fastq.gz,/local/storage/finch_lowpass_2022/XH-4057/20241025_LH00179_0133_A22HH77LT4/Sample_XH-4057-18542/XH-4057-18542_S151_L008_R2_001.fastq.gz,1
01Dap18552,/local/storage/finch_lowpass_2022/XH-4057/20241025_LH00179_0133_A22HH77LT4/Sample_XH-4057-18552/XH-4057-18552_S163_L008_R1_001.fastq.gz,/local/storage/finch_lowpass_2022/XH-4057/20241025_LH00179_0133_A22HH77LT4/Sample_XH-4057-18552/XH-4057-18552_S163_L008_R2_001.fastq.gz,1
03Dap18562,/local/storage/finch_lowpass_2022/XH-4057/20241025_LH00179_0133_A22HH77LT4/Sample_XH-4057-18562/XH-4057-18562_S157_L008_R1_001.fastq.gz,/local/storage/finch_lowpass_2022/XH-4057/20241025_LH00179_0133_A22HH77LT4/Sample_XH-4057-18562/XH-4057-18562_S157_L008_R2_001.fastq.gz,1
03Dap18572,/local/storage/finch_lowpass_2022/XH-4057/20241025_LH00179_0133_A22HH77LT4/Sample_XH-4057-18572/XH-4057-18572_S150_L008_R1_001.fastq.gz,/local/storage/finch_lowpass_2022/XH-4057/20241025_LH00179_0133_A22HH77LT4/Sample_XH-4057-18572/XH-4057-18572_S150_L008_R2_001.fastq.gz,1
03Dap18582,/local/storage/finch_lowpass_2022/XH-4057/20241025_LH00179_0133_A22HH77LT4/Sample_XH-4057-18582/XH-4057-18582_S149_L008_R1_001.fastq.gz,/local/storage/finch_lowpass_2022/XH-4057/20241025_LH00179_0133_A22HH77LT4/Sample_XH-4057-18582/XH-4057-18582_S149_L008_R2_001.fastq.gz,1
01Dap18592,/local/storage/finch_lowpass_2022/XH-4057/20241025_LH00179_0133_A22HH77LT4/Sample_XH-4057-18592/XH-4057-18592_S162_L008_R1_001.fastq.gz,/local/storage/finch_lowpass_2022/XH-4057/20241025_LH00179_0133_A22HH77LT4/Sample_XH-4057-18592/XH-4057-18592_S162_L008_R2_001.fastq.gz,1
01Dap18602,/local/storage/finch_lowpass_2022/XH-4057/20241025_LH00179_0133_A22HH77LT4/Sample_XH-4057-18602/XH-4057-18602_S184_L008_R1_001.fastq.gz,/local/storage/finch_lowpass_2022/XH-4057/20241025_LH00179_0133_A22HH77LT4/Sample_XH-4057-18602/XH-4057-18602_S184_L008_R2_001.fastq.gz,1
03Dap18612,/local/storage/finch_lowpass_2022/XH-4057/20241025_LH00179_0133_A22HH77LT4/Sample_XH-4057-18612/XH-4057-18612_S218_L008_R1_001.fastq.gz,/local/storage/finch_lowpass_2022/XH-4057/20241025_LH00179_0133_A22HH77LT4/Sample_XH-4057-18612/XH-4057-18612_S218_L008_R2_001.fastq.gz,1
03Dap18620,/local/storage/finch_lowpass_2022/XH-4057/20241025_LH00179_0133_A22HH77LT4/Sample_XH-4057-18620/XH-4057-18620_S223_L008_R1_001.fastq.gz,/local/storage/finch_lowpass_2022/XH-4057/20241025_LH00179_0133_A22HH77LT4/Sample_XH-4057-18620/XH-4057-18620_S223_L008_R2_001.fastq.gz,1
03Dap18621,/local/storage/finch_lowpass_2022/XH-4057/20241025_LH00179_0133_A22HH77LT4/Sample_XH-4057-18621/XH-4057-18621_S332_L008_R1_001.fastq.gz,/local/storage/finch_lowpass_2022/XH-4057/20241025_LH00179_0133_A22HH77LT4/Sample_XH-4057-18621/XH-4057-18621_S332_L008_R2_001.fastq.gz,1
03Dap18622,/local/storage/finch_lowpass_2022/XH-4057/20241025_LH00179_0133_A22HH77LT4/Sample_XH-4057-18622/XH-4057-18622_S235_L008_R1_001.fastq.gz,/local/storage/finch_lowpass_2022/XH-4057/20241025_LH00179_0133_A22HH77LT4/Sample_XH-4057-18622/XH-4057-18622_S235_L008_R2_001.fastq.gz,1
03Dap18623,/local/storage/finch_lowpass_2022/XH-4057/20241025_LH00179_0133_A22HH77LT4/Sample_XH-4057-18623/XH-4057-18623_S114_L008_R1_001.fastq.gz,/local/storage/finch_lowpass_2022/XH-4057/20241025_LH00179_0133_A22HH77LT4/Sample_XH-4057-18623/XH-4057-18623_S114_L008_R2_001.fastq.gz,1
01Dap18624,/local/storage/finch_lowpass_2022/XH-4057/20241025_LH00179_0133_A22HH77LT4/Sample_XH-4057-18624/XH-4057-18624_S168_L008_R1_001.fastq.gz,/local/storage/finch_lowpass_2022/XH-4057/20241025_LH00179_0133_A22HH77LT4/Sample_XH-4057-18624/XH-4057-18624_S168_L008_R2_001.fastq.gz,1
03Dap18625,/local/storage/finch_lowpass_2022/XH-4057/20241025_LH00179_0133_A22HH77LT4/Sample_XH-4057-18625/XH-4057-18625_S144_L008_R1_001.fastq.gz,/local/storage/finch_lowpass_2022/XH-4057/20241025_LH00179_0133_A22HH77LT4/Sample_XH-4057-18625/XH-4057-18625_S144_L008_R2_001.fastq.gz,1
03Dap18626,/local/storage/finch_lowpass_2022/XH-4057/20241025_LH00179_0133_A22HH77LT4/Sample_XH-4057-18626/XH-4057-18626_S231_L008_R1_001.fastq.gz,/local/storage/finch_lowpass_2022/XH-4057/20241025_LH00179_0133_A22HH77LT4/Sample_XH-4057-18626/XH-4057-18626_S231_L008_R2_001.fastq.gz,1
01Dap18627,/local/storage/finch_lowpass_2022/XH-4057/20241025_LH00179_0133_A22HH77LT4/Sample_XH-4057-18627/XH-4057-18627_S206_L008_R1_001.fastq.gz,/local/storage/finch_lowpass_2022/XH-4057/20241025_LH00179_0133_A22HH77LT4/Sample_XH-4057-18627/XH-4057-18627_S206_L008_R2_001.fastq.gz,1
03Dap18628,/local/storage/finch_lowpass_2022/XH-4057/20241025_LH00179_0133_A22HH77LT4/Sample_XH-4057-18628/XH-4057-18628_S237_L008_R1_001.fastq.gz,/local/storage/finch_lowpass_2022/XH-4057/20241025_LH00179_0133_A22HH77LT4/Sample_XH-4057-18628/XH-4057-18628_S237_L008_R2_001.fastq.gz,1
03Dap18629,/local/storage/finch_lowpass_2022/XH-4057/20241025_LH00179_0133_A22HH77LT4/Sample_XH-4057-18629/XH-4057-18629_S224_L008_R1_001.fastq.gz,/local/storage/finch_lowpass_2022/XH-4057/20241025_LH00179_0133_A22HH77LT4/Sample_XH-4057-18629/XH-4057-18629_S224_L008_R2_001.fastq.gz,1
03Dap18642,/local/storage/finch_lowpass_2022/XH-4057/20241025_LH00179_0133_A22HH77LT4/Sample_XH-4057-18642/XH-4057-18642_S146_L008_R1_001.fastq.gz,/local/storage/finch_lowpass_2022/XH-4057/20241025_LH00179_0133_A22HH77LT4/Sample_XH-4057-18642/XH-4057-18642_S146_L008_R2_001.fastq.gz,1
01Dap18652,/local/storage/finch_lowpass_2022/XH-4057/20241025_LH00179_0133_A22HH77LT4/Sample_XH-4057-18652/XH-4057-18652_S220_L008_R1_001.fastq.gz,/local/storage/finch_lowpass_2022/XH-4057/20241025_LH00179_0133_A22HH77LT4/Sample_XH-4057-18652/XH-4057-18652_S220_L008_R2_001.fastq.gz,1
01Dap18662,/local/storage/finch_lowpass_2022/XH-4057/20241025_LH00179_0133_A22HH77LT4/Sample_XH-4057-18662/XH-4057-18662_S230_L008_R1_001.fastq.gz,/local/storage/finch_lowpass_2022/XH-4057/20241025_LH00179_0133_A22HH77LT4/Sample_XH-4057-18662/XH-4057-18662_S230_L008_R2_001.fastq.gz,1
03Dap18672,/local/storage/finch_lowpass_2022/XH-4057/20241025_LH00179_0133_A22HH77LT4/Sample_XH-4057-18672/XH-4057-18672_S331_L008_R1_001.fastq.gz,/local/storage/finch_lowpass_2022/XH-4057/20241025_LH00179_0133_A22HH77LT4/Sample_XH-4057-18672/XH-4057-18672_S331_L008_R2_001.fastq.gz,1
03Dap18682,/local/storage/finch_lowpass_2022/XH-4057/20241025_LH00179_0133_A22HH77LT4/Sample_XH-4057-18682/XH-4057-18682_S219_L008_R1_001.fastq.gz,/local/storage/finch_lowpass_2022/XH-4057/20241025_LH00179_0133_A22HH77LT4/Sample_XH-4057-18682/XH-4057-18682_S219_L008_R2_001.fastq.gz,1
03Dap18702,/local/storage/finch_lowpass_2022/XH-4057/20241025_LH00179_0133_A22HH77LT4/Sample_XH-4057-18702/XH-4057-18702_S225_L008_R1_001.fastq.gz,/local/storage/finch_lowpass_2022/XH-4057/20241025_LH00179_0133_A22HH77LT4/Sample_XH-4057-18702/XH-4057-18702_S225_L008_R2_001.fastq.gz,1
03Dap18712,/local/storage/finch_lowpass_2022/XH-4057/20241025_LH00179_0133_A22HH77LT4/Sample_XH-4057-18712/XH-4057-18712_S217_L008_R1_001.fastq.gz,/local/storage/finch_lowpass_2022/XH-4057/20241025_LH00179_0133_A22HH77LT4/Sample_XH-4057-18712/XH-4057-18712_S217_L008_R2_001.fastq.gz,1
03Dap18720,/local/storage/finch_lowpass_2022/XH-4057/20241025_LH00179_0133_A22HH77LT4/Sample_XH-4057-18720/XH-4057-18720_S215_L008_R1_001.fastq.gz,/local/storage/finch_lowpass_2022/XH-4057/20241025_LH00179_0133_A22HH77LT4/Sample_XH-4057-18720/XH-4057-18720_S215_L008_R2_001.fastq.gz,1
01Dap18721,/local/storage/finch_lowpass_2022/XH-4057/20241025_LH00179_0133_A22HH77LT4/Sample_XH-4057-18721/XH-4057-18721_S175_L008_R1_001.fastq.gz,/local/storage/finch_lowpass_2022/XH-4057/20241025_LH00179_0133_A22HH77LT4/Sample_XH-4057-18721/XH-4057-18721_S175_L008_R2_001.fastq.gz,1
01Dap18722,/local/storage/finch_lowpass_2022/XH-4057/20241025_LH00179_0133_A22HH77LT4/Sample_XH-4057-18722/XH-4057-18722_S174_L008_R1_001.fastq.gz,/local/storage/finch_lowpass_2022/XH-4057/20241025_LH00179_0133_A22HH77LT4/Sample_XH-4057-18722/XH-4057-18722_S174_L008_R2_001.fastq.gz,1
03Dap18723,/local/storage/finch_lowpass_2022/XH-4057/20241025_LH00179_0133_A22HH77LT4/Sample_XH-4057-18723/XH-4057-18723_S236_L008_R1_001.fastq.gz,/local/storage/finch_lowpass_2022/XH-4057/20241025_LH00179_0133_A22HH77LT4/Sample_XH-4057-18723/XH-4057-18723_S236_L008_R2_001.fastq.gz,1
01Dap18724,/local/storage/finch_lowpass_2022/XH-4057/20241025_LH00179_0133_A22HH77LT4/Sample_XH-4057-18724/XH-4057-18724_S171_L008_R1_001.fastq.gz,/local/storage/finch_lowpass_2022/XH-4057/20241025_LH00179_0133_A22HH77LT4/Sample_XH-4057-18724/XH-4057-18724_S171_L008_R2_001.fastq.gz,1
01Dap18725,/local/storage/finch_lowpass_2022/XH-4057/20241025_LH00179_0133_A22HH77LT4/Sample_XH-4057-18725/XH-4057-18725_S178_L008_R1_001.fastq.gz,/local/storage/finch_lowpass_2022/XH-4057/20241025_LH00179_0133_A22HH77LT4/Sample_XH-4057-18725/XH-4057-18725_S178_L008_R2_001.fastq.gz,1
01Dap18726,/local/storage/finch_lowpass_2022/XH-4057/20241025_LH00179_0133_A22HH77LT4/Sample_XH-4057-18726/XH-4057-18726_S177_L008_R1_001.fastq.gz,/local/storage/finch_lowpass_2022/XH-4057/20241025_LH00179_0133_A22HH77LT4/Sample_XH-4057-18726/XH-4057-18726_S177_L008_R2_001.fastq.gz,1
01Dap18727,/local/storage/finch_lowpass_2022/XH-4057/20241025_LH00179_0133_A22HH77LT4/Sample_XH-4057-18727/XH-4057-18727_S180_L008_R1_001.fastq.gz,/local/storage/finch_lowpass_2022/XH-4057/20241025_LH00179_0133_A22HH77LT4/Sample_XH-4057-18727/XH-4057-18727_S180_L008_R2_001.fastq.gz,1
01Dap18728,/local/storage/finch_lowpass_2022/XH-4057/20241025_LH00179_0133_A22HH77LT4/Sample_XH-4057-18728/XH-4057-18728_S166_L008_R1_001.fastq.gz,/local/storage/finch_lowpass_2022/XH-4057/20241025_LH00179_0133_A22HH77LT4/Sample_XH-4057-18728/XH-4057-18728_S166_L008_R2_001.fastq.gz,1
01Dap18729,/local/storage/finch_lowpass_2022/XH-4057/20241025_LH00179_0133_A22HH77LT4/Sample_XH-4057-18729/XH-4057-18729_S172_L008_R1_001.fastq.gz,/local/storage/finch_lowpass_2022/XH-4057/20241025_LH00179_0133_A22HH77LT4/Sample_XH-4057-18729/XH-4057-18729_S172_L008_R2_001.fastq.gz,1
03Dap18732,/local/storage/finch_lowpass_2022/XH-4057/20241025_LH00179_0133_A22HH77LT4/Sample_XH-4057-18732/XH-4057-18732_S300_L008_R1_001.fastq.gz,/local/storage/finch_lowpass_2022/XH-4057/20241025_LH00179_0133_A22HH77LT4/Sample_XH-4057-18732/XH-4057-18732_S300_L008_R2_001.fastq.gz,1
01Dap18742,/local/storage/finch_lowpass_2022/XH-4057/20241025_LH00179_0133_A22HH77LT4/Sample_XH-4057-18742/XH-4057-18742_S173_L008_R1_001.fastq.gz,/local/storage/finch_lowpass_2022/XH-4057/20241025_LH00179_0133_A22HH77LT4/Sample_XH-4057-18742/XH-4057-18742_S173_L008_R2_001.fastq.gz,1
03Dap18752,/local/storage/finch_lowpass_2022/XH-4057/20241025_LH00179_0133_A22HH77LT4/Sample_XH-4057-18752/XH-4057-18752_S232_L008_R1_001.fastq.gz,/local/storage/finch_lowpass_2022/XH-4057/20241025_LH00179_0133_A22HH77LT4/Sample_XH-4057-18752/XH-4057-18752_S232_L008_R2_001.fastq.gz,1
03Dap18762,/local/storage/finch_lowpass_2022/XH-4057/20241025_LH00179_0133_A22HH77LT4/Sample_XH-4057-18762/XH-4057-18762_S233_L008_R1_001.fastq.gz,/local/storage/finch_lowpass_2022/XH-4057/20241025_LH00179_0133_A22HH77LT4/Sample_XH-4057-18762/XH-4057-18762_S233_L008_R2_001.fastq.gz,1
03Dap18772,/local/storage/finch_lowpass_2022/XH-4057/20241025_LH00179_0133_A22HH77LT4/Sample_XH-4057-18772/XH-4057-18772_S216_L008_R1_001.fastq.gz,/local/storage/finch_lowpass_2022/XH-4057/20241025_LH00179_0133_A22HH77LT4/Sample_XH-4057-18772/XH-4057-18772_S216_L008_R2_001.fastq.gz,1
03Dap18782,/local/storage/finch_lowpass_2022/XH-4057/20241025_LH00179_0133_A22HH77LT4/Sample_XH-4057-18782/XH-4057-18782_S221_L008_R1_001.fastq.gz,/local/storage/finch_lowpass_2022/XH-4057/20241025_LH00179_0133_A22HH77LT4/Sample_XH-4057-18782/XH-4057-18782_S221_L008_R2_001.fastq.gz,1
03Dap18792,/local/storage/finch_lowpass_2022/XH-4057/20241025_LH00179_0133_A22HH77LT4/Sample_XH-4057-18792/XH-4057-18792_S222_L008_R1_001.fastq.gz,/local/storage/finch_lowpass_2022/XH-4057/20241025_LH00179_0133_A22HH77LT4/Sample_XH-4057-18792/XH-4057-18792_S222_L008_R2_001.fastq.gz,1
01Dap18820,/local/storage/finch_lowpass_2022/XH-4057/20241025_LH00179_0133_A22HH77LT4/Sample_XH-4057-18820/XH-4057-18820_S179_L008_R1_001.fastq.gz,/local/storage/finch_lowpass_2022/XH-4057/20241025_LH00179_0133_A22HH77LT4/Sample_XH-4057-18820/XH-4057-18820_S179_L008_R2_001.fastq.gz,1
01Dap18821,/local/storage/finch_lowpass_2022/XH-4057/20241025_LH00179_0133_A22HH77LT4/Sample_XH-4057-18821/XH-4057-18821_S207_L008_R1_001.fastq.gz,/local/storage/finch_lowpass_2022/XH-4057/20241025_LH00179_0133_A22HH77LT4/Sample_XH-4057-18821/XH-4057-18821_S207_L008_R2_001.fastq.gz,1
03Dap18822,/local/storage/finch_lowpass_2022/XH-4057/20241025_LH00179_0133_A22HH77LT4/Sample_XH-4057-18822/XH-4057-18822_S121_L008_R1_001.fastq.gz,/local/storage/finch_lowpass_2022/XH-4057/20241025_LH00179_0133_A22HH77LT4/Sample_XH-4057-18822/XH-4057-18822_S121_L008_R2_001.fastq.gz,1
03Dap18823,/local/storage/finch_lowpass_2022/XH-4057/20241025_LH00179_0133_A22HH77LT4/Sample_XH-4057-18823/XH-4057-18823_S292_L008_R1_001.fastq.gz,/local/storage/finch_lowpass_2022/XH-4057/20241025_LH00179_0133_A22HH77LT4/Sample_XH-4057-18823/XH-4057-18823_S292_L008_R2_001.fastq.gz,1
03Dap18824,/local/storage/finch_lowpass_2022/XH-4057/20241025_LH00179_0133_A22HH77LT4/Sample_XH-4057-18824/XH-4057-18824_S120_L008_R1_001.fastq.gz,/local/storage/finch_lowpass_2022/XH-4057/20241025_LH00179_0133_A22HH77LT4/Sample_XH-4057-18824/XH-4057-18824_S120_L008_R2_001.fastq.gz,1
03Dap18825,/local/storage/finch_lowpass_2022/XH-4057/20241025_LH00179_0133_A22HH77LT4/Sample_XH-4057-18825/XH-4057-18825_S118_L008_R1_001.fastq.gz,/local/storage/finch_lowpass_2022/XH-4057/20241025_LH00179_0133_A22HH77LT4/Sample_XH-4057-18825/XH-4057-18825_S118_L008_R2_001.fastq.gz,1
03Dap18826,/local/storage/finch_lowpass_2022/XH-4057/20241025_LH00179_0133_A22HH77LT4/Sample_XH-4057-18826/XH-4057-18826_S321_L008_R1_001.fastq.gz,/local/storage/finch_lowpass_2022/XH-4057/20241025_LH00179_0133_A22HH77LT4/Sample_XH-4057-18826/XH-4057-18826_S321_L008_R2_001.fastq.gz,1
03Dap18827,/local/storage/finch_lowpass_2022/XH-4057/20241025_LH00179_0133_A22HH77LT4/Sample_XH-4057-18827/XH-4057-18827_S275_L008_R1_001.fastq.gz,/local/storage/finch_lowpass_2022/XH-4057/20241025_LH00179_0133_A22HH77LT4/Sample_XH-4057-18827/XH-4057-18827_S275_L008_R2_001.fastq.gz,1
03Dap18828,/local/storage/finch_lowpass_2022/XH-4057/20241025_LH00179_0133_A22HH77LT4/Sample_XH-4057-18828/XH-4057-18828_S128_L008_R1_001.fastq.gz,/local/storage/finch_lowpass_2022/XH-4057/20241025_LH00179_0133_A22HH77LT4/Sample_XH-4057-18828/XH-4057-18828_S128_L008_R2_001.fastq.gz,1
01Dap18829,/local/storage/finch_lowpass_2022/XH-4057/20241025_LH00179_0133_A22HH77LT4/Sample_XH-4057-18829/XH-4057-18829_S263_L008_R1_001.fastq.gz,/local/storage/finch_lowpass_2022/XH-4057/20241025_LH00179_0133_A22HH77LT4/Sample_XH-4057-18829/XH-4057-18829_S263_L008_R2_001.fastq.gz,1
03Dap18832,/local/storage/finch_lowpass_2022/XH-4057/20241025_LH00179_0133_A22HH77LT4/Sample_XH-4057-18832/XH-4057-18832_S317_L008_R1_001.fastq.gz,/local/storage/finch_lowpass_2022/XH-4057/20241025_LH00179_0133_A22HH77LT4/Sample_XH-4057-18832/XH-4057-18832_S317_L008_R2_001.fastq.gz,1
03Dap18842,/local/storage/finch_lowpass_2022/XH-4057/20241025_LH00179_0133_A22HH77LT4/Sample_XH-4057-18842/XH-4057-18842_S307_L008_R1_001.fastq.gz,/local/storage/finch_lowpass_2022/XH-4057/20241025_LH00179_0133_A22HH77LT4/Sample_XH-4057-18842/XH-4057-18842_S307_L008_R2_001.fastq.gz,1
03Dap18852,/local/storage/finch_lowpass_2022/XH-4057/20241025_LH00179_0133_A22HH77LT4/Sample_XH-4057-18852/XH-4057-18852_S284_L008_R1_001.fastq.gz,/local/storage/finch_lowpass_2022/XH-4057/20241025_LH00179_0133_A22HH77LT4/Sample_XH-4057-18852/XH-4057-18852_S284_L008_R2_001.fastq.gz,1
03Dap18862,/local/storage/finch_lowpass_2022/XH-4057/20241025_LH00179_0133_A22HH77LT4/Sample_XH-4057-18862/XH-4057-18862_S122_L008_R1_001.fastq.gz,/local/storage/finch_lowpass_2022/XH-4057/20241025_LH00179_0133_A22HH77LT4/Sample_XH-4057-18862/XH-4057-18862_S122_L008_R2_001.fastq.gz,1
03Dap18872,/local/storage/finch_lowpass_2022/XH-4057/20241025_LH00179_0133_A22HH77LT4/Sample_XH-4057-18872/XH-4057-18872_S244_L008_R1_001.fastq.gz,/local/storage/finch_lowpass_2022/XH-4057/20241025_LH00179_0133_A22HH77LT4/Sample_XH-4057-18872/XH-4057-18872_S244_L008_R2_001.fastq.gz,1
01Dap18882,/local/storage/finch_lowpass_2022/XH-4057/20241025_LH00179_0133_A22HH77LT4/Sample_XH-4057-18882/XH-4057-18882_S185_L008_R1_001.fastq.gz,/local/storage/finch_lowpass_2022/XH-4057/20241025_LH00179_0133_A22HH77LT4/Sample_XH-4057-18882/XH-4057-18882_S185_L008_R2_001.fastq.gz,1
03Dap18892,/local/storage/finch_lowpass_2022/XH-4057/20241025_LH00179_0133_A22HH77LT4/Sample_XH-4057-18892/XH-4057-18892_S279_L008_R1_001.fastq.gz,/local/storage/finch_lowpass_2022/XH-4057/20241025_LH00179_0133_A22HH77LT4/Sample_XH-4057-18892/XH-4057-18892_S279_L008_R2_001.fastq.gz,1
03Dap19726,/local/storage/finch_lowpass_2022/XH-4057/20241025_LH00179_0133_A22HH77LT4/Sample_XH-4057-19726/XH-4057-19726_S285_L008_R1_001.fastq.gz,/local/storage/finch_lowpass_2022/XH-4057/20241025_LH00179_0133_A22HH77LT4/Sample_XH-4057-19726/XH-4057-19726_S285_L008_R2_001.fastq.gz,1
02Dap6800,/local/storage/finch_lowpass_2022/XH-4057/20241025_LH00179_0133_A22HH77LT4/Sample_XH-4057-6800/XH-4057-6800_S338_L008_R1_001.fastq.gz,/local/storage/finch_lowpass_2022/XH-4057/20241025_LH00179_0133_A22HH77LT4/Sample_XH-4057-6800/XH-4057-6800_S338_L008_R2_001.fastq.gz,1
02Dap6801,/local/storage/finch_lowpass_2022/XH-4057/20241025_LH00179_0133_A22HH77LT4/Sample_XH-4057-6801/XH-4057-6801_S339_L008_R1_001.fastq.gz,/local/storage/finch_lowpass_2022/XH-4057/20241025_LH00179_0133_A22HH77LT4/Sample_XH-4057-6801/XH-4057-6801_S339_L008_R2_001.fastq.gz,1
01DapC071986,/local/storage/finch_lowpass_2022/XH-4057/20241025_LH00179_0133_A22HH77LT4/Sample_XH-4057-C071986/XH-4057-C071986_S189_L008_R1_001.fastq.gz,/local/storage/finch_lowpass_2022/XH-4057/20241025_LH00179_0133_A22HH77LT4/Sample_XH-4057-C071986/XH-4057-C071986_S189_L008_R2_001.fastq.gz,1
03DapC071988,/local/storage/finch_lowpass_2022/XH-4057/20241025_LH00179_0133_A22HH77LT4/Sample_XH-4057-C071988/XH-4057-C071988_S286_L008_R1_001.fastq.gz,/local/storage/finch_lowpass_2022/XH-4057/20241025_LH00179_0133_A22HH77LT4/Sample_XH-4057-C071988/XH-4057-C071988_S286_L008_R2_001.fastq.gz,1
03DapC78103,/local/storage/finch_lowpass_2022/XH-4057/20241025_LH00179_0133_A22HH77LT4/Sample_XH-4057-C78103/XH-4057-C78103_S213_L008_R1_001.fastq.gz,/local/storage/finch_lowpass_2022/XH-4057/20241025_LH00179_0133_A22HH77LT4/Sample_XH-4057-C78103/XH-4057-C78103_S213_L008_R2_001.fastq.gz,1
01DapC79135,/local/storage/finch_lowpass_2022/XH-4057/20241025_LH00179_0133_A22HH77LT4/Sample_XH-4057-C79135/XH-4057-C79135_S265_L008_R1_001.fastq.gz,/local/storage/finch_lowpass_2022/XH-4057/20241025_LH00179_0133_A22HH77LT4/Sample_XH-4057-C79135/XH-4057-C79135_S265_L008_R2_001.fastq.gz,1
03DapC79154,/local/storage/finch_lowpass_2022/XH-4057/20241025_LH00179_0133_A22HH77LT4/Sample_XH-4057-C79154/XH-4057-C79154_S287_L008_R1_001.fastq.gz,/local/storage/finch_lowpass_2022/XH-4057/20241025_LH00179_0133_A22HH77LT4/Sample_XH-4057-C79154/XH-4057-C79154_S287_L008_R2_001.fastq.gz,1
03DapC79159,/local/storage/finch_lowpass_2022/XH-4057/20241025_LH00179_0133_A22HH77LT4/Sample_XH-4057-C79159/XH-4057-C79159_S306_L008_R1_001.fastq.gz,/local/storage/finch_lowpass_2022/XH-4057/20241025_LH00179_0133_A22HH77LT4/Sample_XH-4057-C79159/XH-4057-C79159_S306_L008_R2_001.fastq.gz,1
